text,label
"Superb phone, highly recommend it to everyone.",positive
"Returned the keyboard to the store, flimsy waste of money.",negative
This headphones is great!,positive
"I hate this laptop, it broke after two days and the quality is poor.",negative
This speaker is dreadful!!!,negative
This keyboard is flimsy!!!,negative
"Returned the vacuum to the store, disappointing waste of money.",negative
"The camera is not great, I am not happy with it.",negative
"Bought the headphones last week and it works perfectly, amazing quality.",positive
"Bought the vacuum last week and it works perfectly, great quality.",positive
"Never been disappointed by this laptop, truly amazing. <br>",positive
"I hate this speaker, it broke after two days and the quality is disappointing.",negative
"Annoying headphones, do not buy it.",negative
"I love this phone, it works really well and I am very happy.",positive
"Bought the kettle last week and it works perfectly, perfect quality.",positive
"Bought the camera last week and it works perfectly, superb quality.",positive
"It didn't work and I wasn't impressed, dreadful vacuum. <br>",negative
"The jacket is not flimsy, I am really happy with it.",positive
"Returned the camera to the store, annoying waste of money.",negative
"I can't recommend this blender, it is flimsy.",negative
"Terrible camera, do not buy it.",negative
I wasn't expecting much but this speaker is lovely.,positive
"Disappointing speaker, do not buy it.",negative
"I hate this kettle, it broke after two days and the quality is worthless.",negative
"I love this vacuum, it works superbly well and I am very happy.",positive
"Never been disappointed by this headphones, truly impressive. <br>",positive
"I hate this kettle, it broke after two days and the quality is horrible.",negative
"I hate this jacket, it broke after two days and the quality is dreadful.",negative
"Poor camera, do not buy it.",negative
"I can't recommend this jacket, it is worthless.",negative
"I love this vacuum, it works really well and I am very happy.",positive
"Returned the vacuum to the store, horrible waste of money.",negative
"Returned the blender to the store, annoying waste of money.",negative
"Dreadful blender, do not buy it.",negative
"Bought the kettle last week and it works perfectly, fantastic quality.",positive
"Wonderful kettle, highly recommend it to everyone.",positive
"The phone is not perfect, I am not happy with it.",negative
"Amazing jacket, highly recommend it to everyone.",positive
"I can't recommend this keyboard, it is horrible.",negative
This camera is horrible!!!,negative
"The kettle is not annoying, I am really happy with it.",positive
"Useless speaker, do not buy it.",negative
This laptop is awful!!!,negative
"I love this laptop, it works really well and I am very happy.",positive
"Returned the blender to the store, disappointing waste of money.",negative
"The keyboard is not dreadful, I am really happy with it.",positive
"The phone is not reliable, I am not happy with it.",negative
"I can't recommend this jacket, it is poor.",negative
"I hate this phone, it broke after two days and the quality is awful.",negative
"I love this vacuum, it works excellently well and I am very happy.",positive
"Never been disappointed by this headphones, truly great. <br>",positive
"I can't recommend this jacket, it is useless.",negative
"Returned the keyboard to the store, dreadful waste of money.",negative
"It didn't work and I wasn't impressed, awful speaker. <br>",negative
"It didn't work and I wasn't impressed, dreadful laptop. <br>",negative
"Bought the keyboard last week and it works perfectly, wonderful quality.",positive
"Never been disappointed by this phone, truly reliable. <br>",positive
This kettle is excellent!,positive
"The phone is not impressive, I am not happy with it.",negative
"I hate this phone, it broke after two days and the quality is horrible.",negative
"Bought the jacket last week and it works perfectly, impressive quality.",positive
"I hate this speaker, it broke after two days and the quality is awful.",negative
I wasn't expecting much but this kettle is excellent.,positive
"I can't recommend this camera, it is terrible.",negative
"Useless vacuum, do not buy it.",negative
"Annoying laptop, do not buy it.",negative
"Excellent speaker, highly recommend it to everyone.",positive
"I can't recommend this keyboard, it is flimsy.",negative
"It didn't work and I wasn't impressed, awful speaker. <br>",negative
I wasn't expecting much but this phone is great.,positive
"I can't recommend this keyboard, it is useless.",negative
I wasn't expecting much but this headphones is amazing.,positive
"I love this phone, it works amazingly well and I am very happy.",positive
"The blender is not impressive, I am not happy with it.",negative
"It didn't work and I wasn't impressed, disappointing jacket. <br>",negative
"I can't recommend this laptop, it is poor.",negative
"I can't recommend this keyboard, it is disappointing.",negative
This speaker is horrible!!!,negative
"Returned the camera to the store, useless waste of money.",negative
"I love this keyboard, it works fantasticly well and I am very happy.",positive
"Poor headphones, do not buy it.",negative
"The phone is not terrible, I am really happy with it.",positive
This camera is useless!!!,negative
"Superb kettle, highly recommend it to everyone.",positive
"Never been disappointed by this headphones, truly reliable. <br>",positive
"Impressive jacket, highly recommend it to everyone.",positive
"I love this headphones, it works fantasticly well and I am very happy.",positive
"It didn't work and I wasn't impressed, useless laptop. <br>",negative
"The speaker is not worthless, I am really happy with it.",positive
"Disappointing kettle, do not buy it.",negative
I wasn't expecting much but this phone is perfect.,positive
"Great headphones, highly recommend it to everyone.",positive
"Never been disappointed by this laptop, truly amazing. <br>",positive
"I love this vacuum, it works impressively well and I am very happy.",positive
This kettle is terrible!!!,negative
"It didn't work and I wasn't impressed, poor jacket. <br>",negative
This jacket is great!,positive
"It didn't work and I wasn't impressed, horrible jacket. <br>",negative
This headphones is horrible!!!,negative
This speaker is dreadful!!!,negative
"It didn't work and I wasn't impressed, disappointing laptop. <br>",negative
"The headphones is not poor, I am really happy with it.",positive
"The phone is not amazing, I am not happy with it.",negative
"It didn't work and I wasn't impressed, worthless jacket. <br>",negative
"It didn't work and I wasn't impressed, useless headphones. <br>",negative
"I can't recommend this kettle, it is horrible.",negative
This camera is wonderful!,positive
"I love this camera, it works really well and I am very happy.",positive
"Never been disappointed by this phone, truly great. <br>",positive
"I hate this jacket, it broke after two days and the quality is dreadful.",negative
"Flimsy vacuum, do not buy it.",negative
"Never been disappointed by this vacuum, truly great. <br>",positive
"I love this phone, it works fantasticly well and I am very happy.",positive
"I can't recommend this camera, it is worthless.",negative
"The speaker is not lovely, I am not happy with it.",negative
"The jacket is not useless, I am really happy with it.",positive
This keyboard is disappointing!!!,negative
"I love this blender, it works lovelyly well and I am very happy.",positive
"Bought the keyboard last week and it works perfectly, amazing quality.",positive
"Returned the laptop to the store, disappointing waste of money.",negative
"The keyboard is not superb, I am not happy with it.",negative
"I love this speaker, it works really well and I am very happy.",positive
"Returned the speaker to the store, awful waste of money.",negative
"Annoying kettle, do not buy it.",negative
"Never been disappointed by this blender, truly great. <br>",positive
"Never been disappointed by this headphones, truly great. <br>",positive
"Superb vacuum, highly recommend it to everyone.",positive
"I love this phone, it works impressively well and I am very happy.",positive
"Never been disappointed by this kettle, truly reliable. <br>",positive
This jacket is flimsy!!!,negative
"I hate this camera, it broke after two days and the quality is worthless.",negative
"I hate this headphones, it broke after two days and the quality is worthless.",negative
"I love this headphones, it works lovelyly well and I am very happy.",positive
"Bought the headphones last week and it works perfectly, great quality.",positive
"It didn't work and I wasn't impressed, disappointing blender. <br>",negative
"The camera is not fantastic, I am not happy with it.",negative
"Never been disappointed by this vacuum, truly amazing. <br>",positive
"Bought the speaker last week and it works perfectly, superb quality.",positive
"The vacuum is not perfect, I am not happy with it.",negative
"Reliable laptop, highly recommend it to everyone.",positive
"Bought the blender last week and it works perfectly, excellent quality.",positive
"I love this blender, it works really well and I am very happy.",positive
"Dreadful laptop, do not buy it.",negative
"I love this headphones, it works wonderfully well and I am very happy.",positive
"The kettle is not amazing, I am not happy with it.",negative
This blender is superb!,positive
This headphones is terrible!!!,negative
"Returned the keyboard to the store, horrible waste of money.",negative
This blender is great!,positive
This headphones is disappointing!!!,negative
"The laptop is not reliable, I am not happy with it.",negative
"It didn't work and I wasn't impressed, poor headphones. <br>",negative
"I can't recommend this headphones, it is horrible.",negative
"The headphones is not perfect, I am not happy with it.",negative
"Returned the laptop to the store, horrible waste of money.",negative
This phone is annoying!!!,negative
"I hate this speaker, it broke after two days and the quality is disappointing.",negative
"I can't recommend this jacket, it is horrible.",negative
"Poor keyboard, do not buy it.",negative
"I love this speaker, it works impressively well and I am very happy.",positive
"The laptop is not fantastic, I am not happy with it.",negative
"Never been disappointed by this vacuum, truly impressive. <br>",positive
"Bought the keyboard last week and it works perfectly, excellent quality.",positive
"Never been disappointed by this laptop, truly wonderful. <br>",positive
"The camera is not flimsy, I am really happy with it.",positive
"It didn't work and I wasn't impressed, useless jacket. <br>",negative
"Never been disappointed by this camera, truly amazing. <br>",positive
"Returned the headphones to the store, annoying waste of money.",negative
"It didn't work and I wasn't impressed, worthless camera. <br>",negative
"It didn't work and I wasn't impressed, awful keyboard. <br>",negative
"I can't recommend this blender, it is terrible.",negative
"Excellent jacket, highly recommend it to everyone.",positive
"Amazing keyboard, highly recommend it to everyone.",positive
"Returned the phone to the store, poor waste of money.",negative
"Bought the phone last week and it works perfectly, excellent quality.",positive
"I love this phone, it works reliablely well and I am very happy.",positive
"I hate this phone, it broke after two days and the quality is poor.",negative
"Bought the headphones last week and it works perfectly, wonderful quality.",positive
"The phone is not annoying, I am really happy with it.",positive
"It didn't work and I wasn't impressed, poor jacket. <br>",negative
"The laptop is not impressive, I am not happy with it.",negative
"I can't recommend this headphones, it is poor.",negative
This phone is poor!!!,negative
"The blender is not lovely, I am not happy with it.",negative
I wasn't expecting much but this camera is lovely.,positive
"Returned the camera to the store, terrible waste of money.",negative
"It didn't work and I wasn't impressed, disappointing speaker. <br>",negative
"I can't recommend this vacuum, it is annoying.",negative
"Returned the jacket to the store, flimsy waste of money.",negative
"Poor kettle, do not buy it.",negative
"Returned the blender to the store, worthless waste of money.",negative
"Wonderful blender, highly recommend it to everyone.",positive
"Excellent vacuum, highly recommend it to everyone.",positive
"It didn't work and I wasn't impressed, awful headphones. <br>",negative
"Returned the jacket to the store, disappointing waste of money.",negative
"Never been disappointed by this phone, truly superb. <br>",positive
"Perfect keyboard, highly recommend it to everyone.",positive
"Flimsy laptop, do not buy it.",negative
"I can't recommend this kettle, it is terrible.",negative
I wasn't expecting much but this kettle is impressive.,positive
"I can't recommend this laptop, it is useless.",negative
"The headphones is not superb, I am not happy with it.",negative
I wasn't expecting much but this vacuum is perfect.,positive
"I can't recommend this camera, it is useless.",negative
This camera is perfect!,positive
"I hate this headphones, it broke after two days and the quality is worthless.",negative
"Returned the camera to the store, horrible waste of money.",negative
"The phone is not amazing, I am not happy with it.",negative
This headphones is amazing!,positive
"It didn't work and I wasn't impressed, flimsy blender. <br>",negative
"The blender is not annoying, I am really happy with it.",positive
This keyboard is worthless!!!,negative
This kettle is terrible!!!,negative
This phone is lovely!,positive
"I can't recommend this vacuum, it is horrible.",negative
This headphones is impressive!,positive
This speaker is useless!!!,negative
"Wonderful laptop, highly recommend it to everyone.",positive
"I love this blender, it works really well and I am very happy.",positive
"I hate this jacket, it broke after two days and the quality is flimsy.",negative
"Lovely kettle, highly recommend it to everyone.",positive
"The kettle is not disappointing, I am really happy with it.",positive
"Returned the laptop to the store, horrible waste of money.",negative
This keyboard is amazing!,positive
"It didn't work and I wasn't impressed, horrible blender. <br>",negative
"Never been disappointed by this jacket, truly amazing. <br>",positive
"Never been disappointed by this laptop, truly lovely. <br>",positive
"It didn't work and I wasn't impressed, horrible headphones. <br>",negative
"The laptop is not poor, I am really happy with it.",positive
"The blender is not dreadful, I am really happy with it.",positive
"Returned the jacket to the store, annoying waste of money.",negative
"Never been disappointed by this kettle, truly reliable. <br>",positive
"I love this camera, it works amazingly well and I am very happy.",positive
"Bought the headphones last week and it works perfectly, perfect quality.",positive
"I love this vacuum, it works fantasticly well and I am very happy.",positive
"It didn't work and I wasn't impressed, flimsy blender. <br>",negative
"I can't recommend this keyboard, it is dreadful.",negative
This speaker is superb!,positive
"It didn't work and I wasn't impressed, annoying phone. <br>",negative
This keyboard is excellent!,positive
This jacket is superb!,positive
This laptop is horrible!!!,negative
This keyboard is flimsy!!!,negative
"Reliable phone, highly recommend it to everyone.",positive
"Poor vacuum, do not buy it.",negative
"Excellent speaker, highly recommend it to everyone.",positive
"The vacuum is not fantastic, I am not happy with it.",negative
"Returned the blender to the store, worthless waste of money.",negative
"Superb jacket, highly recommend it to everyone.",positive
This camera is annoying!!!,negative
This camera is dreadful!!!,negative
"I can't recommend this headphones, it is annoying.",negative
I wasn't expecting much but this laptop is excellent.,positive
I wasn't expecting much but this camera is superb.,positive
"The speaker is not disappointing, I am really happy with it.",positive
"Never been disappointed by this blender, truly reliable. <br>",positive
"I can't recommend this laptop, it is annoying.",negative
"I can't recommend this vacuum, it is horrible.",negative
"Disappointing phone, do not buy it.",negative
This headphones is dreadful!!!,negative
"I can't recommend this vacuum, it is awful.",negative
This blender is dreadful!!!,negative
"Bought the phone last week and it works perfectly, perfect quality.",positive
"I can't recommend this headphones, it is terrible.",negative
This phone is superb!,positive
This vacuum is disappointing!!!,negative
This jacket is worthless!!!,negative
"Never been disappointed by this vacuum, truly perfect. <br>",positive
This speaker is excellent!,positive
"Amazing keyboard, highly recommend it to everyone.",positive
"Returned the laptop to the store, useless waste of money.",negative
"I can't recommend this camera, it is terrible.",negative
"I love this speaker, it works wonderfully well and I am very happy.",positive
This laptop is great!,positive
"The phone is not perfect, I am not happy with it.",negative
"Dreadful blender, do not buy it.",negative
"Bought the jacket last week and it works perfectly, reliable quality.",positive
"The keyboard is not wonderful, I am not happy with it.",negative
"The headphones is not annoying, I am really happy with it.",positive
This blender is terrible!!!,negative
"Great blender, highly recommend it to everyone.",positive
"The laptop is not flimsy, I am really happy with it.",positive
"The camera is not annoying, I am really happy with it.",positive
"Bought the phone last week and it works perfectly, excellent quality.",positive
"The speaker is not annoying, I am really happy with it.",positive
"I love this headphones, it works really well and I am very happy.",positive
"The jacket is not amazing, I am not happy with it.",negative
This laptop is useless!!!,negative
This vacuum is useless!!!,negative
"The laptop is not impressive, I am not happy with it.",negative
I wasn't expecting much but this vacuum is excellent.,positive
"Never been disappointed by this headphones, truly great. <br>",positive
"Never been disappointed by this vacuum, truly wonderful. <br>",positive
"It didn't work and I wasn't impressed, flimsy keyboard. <br>",negative
"I hate this jacket, it broke after two days and the quality is terrible.",negative
"It didn't work and I wasn't impressed, horrible blender. <br>",negative
"Wonderful vacuum, highly recommend it to everyone.",positive
This blender is poor!!!,negative
"I can't recommend this phone, it is poor.",negative
"Reliable camera, highly recommend it to everyone.",positive
"The vacuum is not poor, I am really happy with it.",positive
"The kettle is not lovely, I am not happy with it.",negative
"I can't recommend this jacket, it is poor.",negative
This kettle is great!,positive
This kettle is superb!,positive
"I love this headphones, it works wonderfully well and I am very happy.",positive
"I love this blender, it works impressively well and I am very happy.",positive
"I love this kettle, it works impressively well and I am very happy.",positive
"Flimsy keyboard, do not buy it.",negative
"The blender is not disappointing, I am really happy with it.",positive
I wasn't expecting much but this laptop is impressive.,positive
"The vacuum is not horrible, I am really happy with it.",positive
"Bought the headphones last week and it works perfectly, fantastic quality.",positive
"Bought the jacket last week and it works perfectly, impressive quality.",positive
"Wonderful blender, highly recommend it to everyone.",positive
"The keyboard is not worthless, I am really happy with it.",positive
"The laptop is not excellent, I am not happy with it.",negative
"Poor jacket, do not buy it.",negative
"Useless jacket, do not buy it.",negative
"It didn't work and I wasn't impressed, flimsy laptop. <br>",negative
I wasn't expecting much but this vacuum is wonderful.,positive
"The vacuum is not dreadful, I am really happy with it.",positive
"It didn't work and I wasn't impressed, dreadful kettle. <br>",negative
"I hate this keyboard, it broke after two days and the quality is flimsy.",negative
"The laptop is not amazing, I am not happy with it.",negative
"Useless kettle, do not buy it.",negative
This laptop is awful!!!,negative
"The phone is not impressive, I am not happy with it.",negative
"I can't recommend this kettle, it is terrible.",negative
"Amazing jacket, highly recommend it to everyone.",positive
"I love this camera, it works reliablely well and I am very happy.",positive
"It didn't work and I wasn't impressed, flimsy blender. <br>",negative
"I love this laptop, it works lovelyly well and I am very happy.",positive
"Bought the kettle last week and it works perfectly, lovely quality.",positive
"The keyboard is not annoying, I am really happy with it.",positive
This camera is wonderful!,positive
"It didn't work and I wasn't impressed, horrible headphones. <br>",negative
"Returned the vacuum to the store, horrible waste of money.",negative
"The blender is not impressive, I am not happy with it.",negative
"Horrible headphones, do not buy it.",negative
I wasn't expecting much but this vacuum is amazing.,positive
"The camera is not awful, I am really happy with it.",positive
"I love this camera, it works lovelyly well and I am very happy.",positive
"Returned the phone to the store, dreadful waste of money.",negative
"Never been disappointed by this laptop, truly superb. <br>",positive
This jacket is excellent!,positive
"Fantastic headphones, highly recommend it to everyone.",positive
I wasn't expecting much but this kettle is fantastic.,positive
This headphones is worthless!!!,negative
This blender is amazing!,positive
This vacuum is disappointing!!!,negative
"I love this keyboard, it works lovelyly well and I am very happy.",positive
This laptop is dreadful!!!,negative
This speaker is amazing!,positive
"The blender is not useless, I am really happy with it.",positive
This speaker is perfect!,positive
"The phone is not disappointing, I am really happy with it.",positive
I wasn't expecting much but this headphones is great.,positive
"Great speaker, highly recommend it to everyone.",positive
"It didn't work and I wasn't impressed, poor blender. <br>",negative
"I love this phone, it works lovelyly well and I am very happy.",positive
"Impressive camera, highly recommend it to everyone.",positive
"Bought the laptop last week and it works perfectly, great quality.",positive
"Returned the keyboard to the store, poor waste of money.",negative
This vacuum is disappointing!!!,negative
"Poor laptop, do not buy it.",negative
I wasn't expecting much but this headphones is wonderful.,positive
"The laptop is not flimsy, I am really happy with it.",positive
"Returned the headphones to the store, flimsy waste of money.",negative
"Great jacket, highly recommend it to everyone.",positive
"Poor jacket, do not buy it.",negative
"Never been disappointed by this blender, truly reliable. <br>",positive
"Excellent jacket, highly recommend it to everyone.",positive
"The camera is not excellent, I am not happy with it.",negative
"Poor speaker, do not buy it.",negative
"Impressive phone, highly recommend it to everyone.",positive
"The blender is not dreadful, I am really happy with it.",positive
"Bought the kettle last week and it works perfectly, impressive quality.",positive
"Returned the blender to the store, flimsy waste of money.",negative
"The keyboard is not useless, I am really happy with it.",positive
"Flimsy jacket, do not buy it.",negative
"It didn't work and I wasn't impressed, terrible vacuum. <br>",negative
"Returned the speaker to the store, terrible waste of money.",negative
"It didn't work and I wasn't impressed, flimsy phone. <br>",negative
"I can't recommend this keyboard, it is flimsy.",negative
"Never been disappointed by this blender, truly fantastic. <br>",positive
This speaker is poor!!!,negative
"Wonderful keyboard, highly recommend it to everyone.",positive
"Flimsy jacket, do not buy it.",negative
"The laptop is not worthless, I am really happy with it.",positive
"Returned the keyboard to the store, horrible waste of money.",negative
This camera is superb!,positive
"Bought the kettle last week and it works perfectly, lovely quality.",positive
This headphones is horrible!!!,negative
"It didn't work and I wasn't impressed, annoying kettle. <br>",negative
"Superb keyboard, highly recommend it to everyone.",positive
I wasn't expecting much but this blender is fantastic.,positive
"I hate this speaker, it broke after two days and the quality is terrible.",negative
"I hate this headphones, it broke after two days and the quality is disappointing.",negative
"I love this kettle, it works lovelyly well and I am very happy.",positive
"Returned the speaker to the store, awful waste of money.",negative
"It didn't work and I wasn't impressed, disappointing headphones. <br>",negative
"The laptop is not lovely, I am not happy with it.",negative
"I hate this keyboard, it broke after two days and the quality is worthless.",negative
"Returned the phone to the store, disappointing waste of money.",negative
"I hate this phone, it broke after two days and the quality is annoying.",negative
"I hate this keyboard, it broke after two days and the quality is horrible.",negative
"I can't recommend this phone, it is awful.",negative
"The headphones is not lovely, I am not happy with it.",negative
This vacuum is wonderful!,positive
"Never been disappointed by this phone, truly impressive. <br>",positive
"The speaker is not amazing, I am not happy with it.",negative
This vacuum is superb!,positive
"It didn't work and I wasn't impressed, annoying kettle. <br>",negative
"The laptop is not lovely, I am not happy with it.",negative
"Great jacket, highly recommend it to everyone.",positive
"Returned the phone to the store, terrible waste of money.",negative
This jacket is fantastic!,positive
"Never been disappointed by this laptop, truly wonderful. <br>",positive
"It didn't work and I wasn't impressed, poor blender. <br>",negative
"Never been disappointed by this headphones, truly impressive. <br>",positive
"I love this speaker, it works reliablely well and I am very happy.",positive
This speaker is horrible!!!,negative
"Returned the phone to the store, dreadful waste of money.",negative
"Useless camera, do not buy it.",negative
This keyboard is impressive!,positive
"I love this headphones, it works fantasticly well and I am very happy.",positive
This speaker is poor!!!,negative
"The laptop is not superb, I am not happy with it.",negative
"I hate this camera, it broke after two days and the quality is horrible.",negative
"Poor blender, do not buy it.",negative
"Returned the jacket to the store, annoying waste of money.",negative
"The kettle is not annoying, I am really happy with it.",positive
"Never been disappointed by this laptop, truly lovely. <br>",positive
"Worthless jacket, do not buy it.",negative
"Never been disappointed by this speaker, truly great. <br>",positive
"Bought the headphones last week and it works perfectly, lovely quality.",positive
"I love this speaker, it works really well and I am very happy.",positive
"The keyboard is not wonderful, I am not happy with it.",negative
"Never been disappointed by this headphones, truly wonderful. <br>",positive
"Superb headphones, highly recommend it to everyone.",positive
This phone is reliable!,positive
"Never been disappointed by this headphones, truly impressive. <br>",positive
"I can't recommend this blender, it is worthless.",negative
"Flimsy blender, do not buy it.",negative
"Returned the blender to the store, flimsy waste of money.",negative
This vacuum is amazing!,positive
"I can't recommend this blender, it is worthless.",negative
"Lovely vacuum, highly recommend it to everyone.",positive
"Fantastic kettle, highly recommend it to everyone.",positive
"Perfect jacket, highly recommend it to everyone.",positive
"The blender is not flimsy, I am really happy with it.",positive
"It didn't work and I wasn't impressed, poor camera. <br>",negative
"Lovely keyboard, highly recommend it to everyone.",positive
"I love this headphones, it works lovelyly well and I am very happy.",positive
"I love this vacuum, it works reliablely well and I am very happy.",positive
"Returned the headphones to the store, worthless waste of money.",negative
"I love this blender, it works wonderfully well and I am very happy.",positive
"Returned the headphones to the store, flimsy waste of money.",negative
"I love this keyboard, it works wonderfully well and I am very happy.",positive
"I can't recommend this phone, it is flimsy.",negative
"It didn't work and I wasn't impressed, awful kettle. <br>",negative
"The laptop is not terrible, I am really happy with it.",positive
"Bought the speaker last week and it works perfectly, lovely quality.",positive
"Useless camera, do not buy it.",negative
"The jacket is not awful, I am really happy with it.",positive
This laptop is poor!!!,negative
"The headphones is not annoying, I am really happy with it.",positive
"Never been disappointed by this blender, truly lovely. <br>",positive
"Bought the kettle last week and it works perfectly, wonderful quality.",positive
"The phone is not terrible, I am really happy with it.",positive
"Horrible jacket, do not buy it.",negative
"The vacuum is not flimsy, I am really happy with it.",positive
This laptop is great!,positive
"The phone is not worthless, I am really happy with it.",positive
"Perfect jacket, highly recommend it to everyone.",positive
"The blender is not terrible, I am really happy with it.",positive
"I love this blender, it works impressively well and I am very happy.",positive
"The blender is not awful, I am really happy with it.",positive
"The kettle is not annoying, I am really happy with it.",positive
"The laptop is not wonderful, I am not happy with it.",negative
"Terrible camera, do not buy it.",negative
"The vacuum is not amazing, I am not happy with it.",negative
"I love this phone, it works really well and I am very happy.",positive
"Never been disappointed by this laptop, truly excellent. <br>",positive
"Never been disappointed by this phone, truly fantastic. <br>",positive
"I can't recommend this phone, it is awful.",negative
"Never been disappointed by this laptop, truly great. <br>",positive
This jacket is wonderful!,positive
"I can't recommend this jacket, it is terrible.",negative
"Never been disappointed by this kettle, truly reliable. <br>",positive
"The speaker is not awful, I am really happy with it.",positive
"Returned the jacket to the store, awful waste of money.",negative
This kettle is poor!!!,negative
"The phone is not useless, I am really happy with it.",positive
"The laptop is not annoying, I am really happy with it.",positive
"I can't recommend this blender, it is poor.",negative
This blender is wonderful!,positive
I wasn't expecting much but this kettle is wonderful.,positive
"Excellent headphones, highly recommend it to everyone.",positive
"I can't recommend this jacket, it is disappointing.",negative
This phone is wonderful!,positive
"Fantastic phone, highly recommend it to everyone.",positive
I wasn't expecting much but this kettle is amazing.,positive
I wasn't expecting much but this jacket is lovely.,positive
I wasn't expecting much but this blender is wonderful.,positive
"I can't recommend this kettle, it is useless.",negative
"Flimsy phone, do not buy it.",negative
This keyboard is lovely!,positive
I wasn't expecting much but this kettle is reliable.,positive
"Fantastic vacuum, highly recommend it to everyone.",positive
I wasn't expecting much but this phone is reliable.,positive
"Never been disappointed by this kettle, truly lovely. <br>",positive
"Returned the vacuum to the store, annoying waste of money.",negative
"I can't recommend this phone, it is worthless.",negative
"Bought the blender last week and it works perfectly, fantastic quality.",positive
"The blender is not impressive, I am not happy with it.",negative
"Returned the vacuum to the store, terrible waste of money.",negative
"Returned the laptop to the store, useless waste of money.",negative
"It didn't work and I wasn't impressed, terrible camera. <br>",negative
This keyboard is impressive!,positive
"I can't recommend this jacket, it is poor.",negative
"Great phone, highly recommend it to everyone.",positive
"It didn't work and I wasn't impressed, awful speaker. <br>",negative
"It didn't work and I wasn't impressed, annoying camera. <br>",negative
"It didn't work and I wasn't impressed, terrible headphones. <br>",negative
"It didn't work and I wasn't impressed, flimsy laptop. <br>",negative
"I hate this phone, it broke after two days and the quality is awful.",negative
I wasn't expecting much but this vacuum is reliable.,positive
"I can't recommend this keyboard, it is horrible.",negative
"It didn't work and I wasn't impressed, flimsy vacuum. <br>",negative
"I love this camera, it works really well and I am very happy.",positive
"Lovely jacket, highly recommend it to everyone.",positive
"I can't recommend this camera, it is flimsy.",negative
"The camera is not dreadful, I am really happy with it.",positive
"Never been disappointed by this laptop, truly great. <br>",positive
I wasn't expecting much but this phone is wonderful.,positive
"The keyboard is not awful, I am really happy with it.",positive
This kettle is disappointing!!!,negative
"Never been disappointed by this laptop, truly great. <br>",positive
"Never been disappointed by this camera, truly lovely. <br>",positive
"Superb keyboard, highly recommend it to everyone.",positive
"Amazing vacuum, highly recommend it to everyone.",positive
This camera is perfect!,positive
"Bought the speaker last week and it works perfectly, great quality.",positive
"The phone is not terrible, I am really happy with it.",positive
"I love this camera, it works reliablely well and I am very happy.",positive
I wasn't expecting much but this vacuum is amazing.,positive
"The kettle is not horrible, I am really happy with it.",positive
This headphones is great!,positive
"Annoying phone, do not buy it.",negative
This speaker is flimsy!!!,negative
This headphones is reliable!,positive
"I love this laptop, it works superbly well and I am very happy.",positive
I wasn't expecting much but this speaker is lovely.,positive
This laptop is wonderful!,positive
"Lovely blender, highly recommend it to everyone.",positive
This speaker is impressive!,positive
"Never been disappointed by this speaker, truly excellent. <br>",positive
"It didn't work and I wasn't impressed, annoying vacuum. <br>",negative
"I hate this kettle, it broke after two days and the quality is flimsy.",negative
This speaker is great!,positive
This laptop is lovely!,positive
"Bought the laptop last week and it works perfectly, amazing quality.",positive
"It didn't work and I wasn't impressed, worthless kettle. <br>",negative
This kettle is wonderful!,positive
"Never been disappointed by this camera, truly amazing. <br>",positive
"I can't recommend this speaker, it is horrible.",negative
"Fantastic headphones, highly recommend it to everyone.",positive
"I hate this headphones, it broke after two days and the quality is awful.",negative
This jacket is annoying!!!,negative
"I love this headphones, it works impressively well and I am very happy.",positive
"Returned the vacuum to the store, annoying waste of money.",negative
"Bought the laptop last week and it works perfectly, lovely quality.",positive
This keyboard is impressive!,positive
"Wonderful headphones, highly recommend it to everyone.",positive
"I love this vacuum, it works excellently well and I am very happy.",positive
This camera is disappointing!!!,negative
"I love this phone, it works amazingly well and I am very happy.",positive
"Bought the keyboard last week and it works perfectly, wonderful quality.",positive
"Bought the phone last week and it works perfectly, wonderful quality.",positive
"I love this laptop, it works really well and I am very happy.",positive
This blender is awful!!!,negative
"I hate this laptop, it broke after two days and the quality is poor.",negative
"Perfect laptop, highly recommend it to everyone.",positive
"I can't recommend this headphones, it is flimsy.",negative
"I love this camera, it works reliablely well and I am very happy.",positive
"I can't recommend this kettle, it is dreadful.",negative
"The phone is not great, I am not happy with it.",negative
"Never been disappointed by this laptop, truly reliable. <br>",positive
"I love this vacuum, it works superbly well and I am very happy.",positive
"It didn't work and I wasn't impressed, poor kettle. <br>",negative
"Lovely speaker, highly recommend it to everyone.",positive
"I can't recommend this vacuum, it is horrible.",negative
This speaker is fantastic!,positive
This phone is perfect!,positive
"Disappointing vacuum, do not buy it.",negative
"I love this laptop, it works fantasticly well and I am very happy.",positive
"Bought the keyboard last week and it works perfectly, excellent quality.",positive
"It didn't work and I wasn't impressed, disappointing camera. <br>",negative
"Returned the kettle to the store, horrible waste of money.",negative
"Amazing headphones, highly recommend it to everyone.",positive
I wasn't expecting much but this jacket is wonderful.,positive
"Never been disappointed by this headphones, truly great. <br>",positive
"I love this blender, it works reliablely well and I am very happy.",positive
"Returned the headphones to the store, dreadful waste of money.",negative
I wasn't expecting much but this laptop is fantastic.,positive
This headphones is amazing!,positive
"Annoying phone, do not buy it.",negative
"The blender is not poor, I am really happy with it.",positive
"It didn't work and I wasn't impressed, poor speaker. <br>",negative
"Bought the jacket last week and it works perfectly, superb quality.",positive
"I can't recommend this blender, it is terrible.",negative
This speaker is dreadful!!!,negative
This speaker is horrible!!!,negative
"The vacuum is not flimsy, I am really happy with it.",positive
"I hate this jacket, it broke after two days and the quality is flimsy.",negative
I wasn't expecting much but this phone is excellent.,positive
"It didn't work and I wasn't impressed, disappointing phone. <br>",negative
"Perfect headphones, highly recommend it to everyone.",positive
"Wonderful laptop, highly recommend it to everyone.",positive
"The keyboard is not superb, I am not happy with it.",negative
"Bought the kettle last week and it works perfectly, impressive quality.",positive
"I can't recommend this kettle, it is worthless.",negative
"The keyboard is not perfect, I am not happy with it.",negative
"Returned the jacket to the store, flimsy waste of money.",negative
"Bought the keyboard last week and it works perfectly, superb quality.",positive
"Fantastic camera, highly recommend it to everyone.",positive
"Superb vacuum, highly recommend it to everyone.",positive
"The jacket is not fantastic, I am not happy with it.",negative
"Returned the jacket to the store, terrible waste of money.",negative
"I love this blender, it works lovelyly well and I am very happy.",positive
"Bought the phone last week and it works perfectly, great quality.",positive
This jacket is fantastic!,positive
"I can't recommend this speaker, it is disappointing.",negative
"Disappointing blender, do not buy it.",negative
"Flimsy kettle, do not buy it.",negative
"Bought the headphones last week and it works perfectly, fantastic quality.",positive
"Awful laptop, do not buy it.",negative
"It didn't work and I wasn't impressed, useless blender. <br>",negative
"The phone is not amazing, I am not happy with it.",negative
"Flimsy vacuum, do not buy it.",negative
This blender is poor!!!,negative
"Terrible vacuum, do not buy it.",negative
"It didn't work and I wasn't impressed, terrible phone. <br>",negative
"Reliable keyboard, highly recommend it to everyone.",positive
This blender is horrible!!!,negative
"Terrible jacket, do not buy it.",negative
"The headphones is not poor, I am really happy with it.",positive
"The camera is not fantastic, I am not happy with it.",negative
This speaker is great!,positive
"I love this jacket, it works amazingly well and I am very happy.",positive
"I hate this jacket, it broke after two days and the quality is worthless.",negative
"The jacket is not excellent, I am not happy with it.",negative
"Returned the speaker to the store, flimsy waste of money.",negative
"It didn't work and I wasn't impressed, annoying speaker. <br>",negative
"I can't recommend this headphones, it is poor.",negative
"I hate this speaker, it broke after two days and the quality is horrible.",negative
"Useless headphones, do not buy it.",negative
"It didn't work and I wasn't impressed, useless speaker. <br>",negative
"Returned the speaker to the store, awful waste of money.",negative
"I can't recommend this blender, it is flimsy.",negative
"I hate this laptop, it broke after two days and the quality is dreadful.",negative
"Returned the laptop to the store, annoying waste of money.",negative
"Wonderful speaker, highly recommend it to everyone.",positive
"The blender is not awful, I am really happy with it.",positive
"Useless phone, do not buy it.",negative
"The keyboard is not terrible, I am really happy with it.",positive
This headphones is perfect!,positive
This blender is superb!,positive
"The kettle is not perfect, I am not happy with it.",negative
"Never been disappointed by this phone, truly perfect. <br>",positive
This laptop is annoying!!!,negative
I wasn't expecting much but this vacuum is lovely.,positive
"Amazing blender, highly recommend it to everyone.",positive
"I can't recommend this camera, it is terrible.",negative
This headphones is awful!!!,negative
"The kettle is not fantastic, I am not happy with it.",negative
"I love this phone, it works lovelyly well and I am very happy.",positive
"Bought the jacket last week and it works perfectly, lovely quality.",positive
This headphones is awful!!!,negative
"Amazing laptop, highly recommend it to everyone.",positive
"Returned the blender to the store, horrible waste of money.",negative
"I hate this keyboard, it broke after two days and the quality is annoying.",negative
"I love this speaker, it works really well and I am very happy.",positive
"Perfect speaker, highly recommend it to everyone.",positive
"Returned the keyboard to the store, annoying waste of money.",negative
"I hate this phone, it broke after two days and the quality is poor.",negative
This vacuum is lovely!,positive
This laptop is great!,positive
"Returned the phone to the store, terrible waste of money.",negative
"Terrible vacuum, do not buy it.",negative
"I love this vacuum, it works superbly well and I am very happy.",positive
"The keyboard is not horrible, I am really happy with it.",positive
"The laptop is not reliable, I am not happy with it.",negative
This kettle is disappointing!!!,negative
This blender is excellent!,positive
"Lovely headphones, highly recommend it to everyone.",positive
"Returned the laptop to the store, awful waste of money.",negative
"The vacuum is not amazing, I am not happy with it.",negative
"Useless speaker, do not buy it.",negative
"The headphones is not impressive, I am not happy with it.",negative
"Perfect phone, highly recommend it to everyone.",positive
I wasn't expecting much but this phone is reliable.,positive
This camera is lovely!,positive
I wasn't expecting much but this vacuum is superb.,positive
"The blender is not worthless, I am really happy with it.",positive
"Bought the vacuum last week and it works perfectly, reliable quality.",positive
"The headphones is not lovely, I am not happy with it.",negative
"It didn't work and I wasn't impressed, dreadful kettle. <br>",negative
"Never been disappointed by this vacuum, truly lovely. <br>",positive
"Returned the speaker to the store, disappointing waste of money.",negative
"The jacket is not dreadful, I am really happy with it.",positive
"The camera is not perfect, I am not happy with it.",negative
"It didn't work and I wasn't impressed, annoying vacuum. <br>",negative
"The headphones is not great, I am not happy with it.",negative
This phone is dreadful!!!,negative
"I love this kettle, it works excellently well and I am very happy.",positive
I wasn't expecting much but this speaker is excellent.,positive
"It didn't work and I wasn't impressed, poor vacuum. <br>",negative
"Amazing phone, highly recommend it to everyone.",positive
This phone is poor!!!,negative
"Returned the vacuum to the store, disappointing waste of money.",negative
"I can't recommend this kettle, it is poor.",negative
"Worthless phone, do not buy it.",negative
"The vacuum is not disappointing, I am really happy with it.",positive
"Amazing speaker, highly recommend it to everyone.",positive
This keyboard is flimsy!!!,negative
"The jacket is not reliable, I am not happy with it.",negative
"The phone is not reliable, I am not happy with it.",negative
"I love this laptop, it works lovelyly well and I am very happy.",positive
This kettle is poor!!!,negative
"It didn't work and I wasn't impressed, dreadful blender. <br>",negative
This headphones is fantastic!,positive
"I hate this keyboard, it broke after two days and the quality is poor.",negative
This speaker is worthless!!!,negative
"I love this speaker, it works lovelyly well and I am very happy.",positive
"I hate this headphones, it broke after two days and the quality is awful.",negative
"Never been disappointed by this blender, truly impressive. <br>",positive
"The laptop is not flimsy, I am really happy with it.",positive
"I love this blender, it works reliablely well and I am very happy.",positive
"Disappointing laptop, do not buy it.",negative
"The camera is not great, I am not happy with it.",negative
"Returned the jacket to the store, dreadful waste of money.",negative
"Dreadful vacuum, do not buy it.",negative
"I can't recommend this kettle, it is awful.",negative
"The camera is not awful, I am really happy with it.",positive
This keyboard is poor!!!,negative
"The laptop is not terrible, I am really happy with it.",positive
This phone is horrible!!!,negative
I wasn't expecting much but this blender is reliable.,positive
"I love this laptop, it works impressively well and I am very happy.",positive
"Never been disappointed by this vacuum, truly impressive. <br>",positive
"The blender is not worthless, I am really happy with it.",positive
This kettle is worthless!!!,negative
"Amazing camera, highly recommend it to everyone.",positive
"I hate this laptop, it broke after two days and the quality is annoying.",negative
"Awful headphones, do not buy it.",negative
"The camera is not wonderful, I am not happy with it.",negative
"I can't recommend this speaker, it is terrible.",negative
"Never been disappointed by this jacket, truly impressive. <br>",positive
"Bought the vacuum last week and it works perfectly, amazing quality.",positive
"I can't recommend this keyboard, it is disappointing.",negative
"Horrible phone, do not buy it.",negative
"Excellent blender, highly recommend it to everyone.",positive
"Disappointing camera, do not buy it.",negative
"Terrible jacket, do not buy it.",negative
"The vacuum is not terrible, I am really happy with it.",positive
"I hate this phone, it broke after two days and the quality is awful.",negative
"I love this headphones, it works wonderfully well and I am very happy.",positive
This headphones is reliable!,positive
"Never been disappointed by this phone, truly perfect. <br>",positive
I wasn't expecting much but this blender is lovely.,positive
"Excellent jacket, highly recommend it to everyone.",positive
"The laptop is not annoying, I am really happy with it.",positive
"I hate this phone, it broke after two days and the quality is worthless.",negative
This speaker is poor!!!,negative
"Flimsy keyboard, do not buy it.",negative
"I can't recommend this camera, it is horrible.",negative
"I hate this blender, it broke after two days and the quality is horrible.",negative
"The jacket is not lovely, I am not happy with it.",negative
"Never been disappointed by this laptop, truly reliable. <br>",positive
"Returned the speaker to the store, flimsy waste of money.",negative
"The phone is not perfect, I am not happy with it.",negative
"It didn't work and I wasn't impressed, useless blender. <br>",negative
"Returned the camera to the store, annoying waste of money.",negative
"I love this vacuum, it works excellently well and I am very happy.",positive
"I love this jacket, it works reliablely well and I am very happy.",positive
"Never been disappointed by this kettle, truly superb. <br>",positive
"Bought the camera last week and it works perfectly, fantastic quality.",positive
"The vacuum is not dreadful, I am really happy with it.",positive
"Horrible kettle, do not buy it.",negative
"It didn't work and I wasn't impressed, useless speaker. <br>",negative
"Horrible speaker, do not buy it.",negative
"Returned the laptop to the store, dreadful waste of money.",negative
"Disappointing laptop, do not buy it.",negative
"Bought the camera last week and it works perfectly, excellent quality.",positive
"I love this laptop, it works fantasticly well and I am very happy.",positive
"Reliable laptop, highly recommend it to everyone.",positive
"I love this jacket, it works amazingly well and I am very happy.",positive
"Poor jacket, do not buy it.",negative
"The camera is not great, I am not happy with it.",negative
"It didn't work and I wasn't impressed, horrible laptop. <br>",negative
"The vacuum is not worthless, I am really happy with it.",positive
"I hate this jacket, it broke after two days and the quality is flimsy.",negative
"I love this blender, it works superbly well and I am very happy.",positive
"The laptop is not great, I am not happy with it.",negative
"The phone is not great, I am not happy with it.",negative
"Horrible vacuum, do not buy it.",negative
"I love this camera, it works lovelyly well and I am very happy.",positive
"Never been disappointed by this headphones, truly reliable. <br>",positive
"Returned the blender to the store, disappointing waste of money.",negative
"The vacuum is not reliable, I am not happy with it.",negative
"The blender is not terrible, I am really happy with it.",positive
This headphones is amazing!,positive
"Bought the kettle last week and it works perfectly, superb quality.",positive
"Never been disappointed by this keyboard, truly amazing. <br>",positive
"I love this phone, it works wonderfully well and I am very happy.",positive
"Flimsy kettle, do not buy it.",negative
"The kettle is not wonderful, I am not happy with it.",negative
This headphones is great!,positive
"Never been disappointed by this speaker, truly fantastic. <br>",positive
"Fantastic speaker, highly recommend it to everyone.",positive
"I hate this phone, it broke after two days and the quality is poor.",negative
"I can't recommend this kettle, it is annoying.",negative
"Never been disappointed by this speaker, truly excellent. <br>",positive
"I hate this jacket, it broke after two days and the quality is terrible.",negative
I wasn't expecting much but this headphones is reliable.,positive
"I can't recommend this keyboard, it is horrible.",negative
"It didn't work and I wasn't impressed, worthless phone. <br>",negative
"Lovely vacuum, highly recommend it to everyone.",positive
"Disappointing speaker, do not buy it.",negative
This vacuum is wonderful!,positive
"Dreadful phone, do not buy it.",negative
"Great speaker, highly recommend it to everyone.",positive
"The laptop is not flimsy, I am really happy with it.",positive
This speaker is poor!!!,negative
This blender is perfect!,positive
I wasn't expecting much but this blender is amazing.,positive
"Annoying laptop, do not buy it.",negative
"I hate this kettle, it broke after two days and the quality is horrible.",negative
"I can't recommend this speaker, it is useless.",negative
"Perfect camera, highly recommend it to everyone.",positive
"I can't recommend this blender, it is flimsy.",negative
"Disappointing jacket, do not buy it.",negative
"Terrible laptop, do not buy it.",negative
I wasn't expecting much but this speaker is wonderful.,positive
This speaker is great!,positive
This headphones is perfect!,positive
"It didn't work and I wasn't impressed, worthless headphones. <br>",negative
"Bought the jacket last week and it works perfectly, impressive quality.",positive
"It didn't work and I wasn't impressed, dreadful kettle. <br>",negative
"The laptop is not awful, I am really happy with it.",positive
"I love this jacket, it works excellently well and I am very happy.",positive
"Returned the kettle to the store, useless waste of money.",negative
"Annoying phone, do not buy it.",negative
This speaker is excellent!,positive
"I hate this keyboard, it broke after two days and the quality is disappointing.",negative
"I can't recommend this phone, it is dreadful.",negative
"Returned the kettle to the store, horrible waste of money.",negative
"The kettle is not lovely, I am not happy with it.",negative
"Never been disappointed by this laptop, truly impressive. <br>",positive
"Never been disappointed by this laptop, truly superb. <br>",positive
This laptop is superb!,positive
"The camera is not awful, I am really happy with it.",positive
"The laptop is not reliable, I am not happy with it.",negative
I wasn't expecting much but this blender is amazing.,positive
This jacket is reliable!,positive
"Perfect phone, highly recommend it to everyone.",positive
"Returned the blender to the store, useless waste of money.",negative
"The speaker is not flimsy, I am really happy with it.",positive
"It didn't work and I wasn't impressed, horrible jacket. <br>",negative
"I love this keyboard, it works excellently well and I am very happy.",positive
"The vacuum is not horrible, I am really happy with it.",positive
"It didn't work and I wasn't impressed, dreadful headphones. <br>",negative
"I love this kettle, it works really well and I am very happy.",positive
"The phone is not awful, I am really happy with it.",positive
"The camera is not reliable, I am not happy with it.",negative
I wasn't expecting much but this camera is perfect.,positive
"The speaker is not lovely, I am not happy with it.",negative
"I love this keyboard, it works impressively well and I am very happy.",positive
"The headphones is not annoying, I am really happy with it.",positive
"The phone is not worthless, I am really happy with it.",positive
"Bought the kettle last week and it works perfectly, amazing quality.",positive
"I hate this kettle, it broke after two days and the quality is annoying.",negative
"Returned the vacuum to the store, poor waste of money.",negative
"I love this keyboard, it works superbly well and I am very happy.",positive
"Perfect headphones, highly recommend it to everyone.",positive
"I can't recommend this blender, it is dreadful.",negative
This headphones is worthless!!!,negative
"I love this phone, it works really well and I am very happy.",positive
"The camera is not awful, I am really happy with it.",positive
"Bought the laptop last week and it works perfectly, superb quality.",positive
"Disappointing blender, do not buy it.",negative
"Superb keyboard, highly recommend it to everyone.",positive
"The laptop is not perfect, I am not happy with it.",negative
This laptop is dreadful!!!,negative
"I can't recommend this vacuum, it is awful.",negative
"The vacuum is not horrible, I am really happy with it.",positive
This blender is wonderful!,positive
